<?xml version="1.0" encoding="UTF-8"?>
<project-private xmlns="http://www.netbeans.org/ns/project-private/1">
    <editor-bookmarks xmlns="http://www.netbeans.org/ns/editor-bookmarks/2" lastBookmarkId="0"/>
    <open-files xmlns="http://www.netbeans.org/ns/projectui-open-files/2">
        <group>
            <file>file:/C:/Users/Bean/Documents/NetBeansProjects/P06_14873443_21145466/src/p06_14873443_21145466/GoldTicket.java</file>
            <file>file:/C:/Users/Bean/Documents/NetBeansProjects/P06_14873443_21145466/src/p06_14873443_21145466/Seats.java</file>
            <file>file:/C:/Users/Bean/Documents/NetBeansProjects/P06_14873443_21145466/src/p06_14873443_21145466/StandardTicket.java</file>
            <file>file:/C:/Users/Bean/Documents/NetBeansProjects/P06_14873443_21145466/src/p06_14873443_21145466/MainMethod.java</file>
            <file>file:/C:/Users/Bean/Documents/NetBeansProjects/P06_14873443_21145466/src/p06_14873443_21145466/User.java</file>
            <file>file:/C:/Users/Bean/Documents/NetBeansProjects/P06_14873443_21145466/src/p06_14873443_21145466/UserDetails.java</file>
            <file>file:/C:/Users/Bean/Documents/NetBeansProjects/P06_14873443_21145466/src/p06_14873443_21145466/PlatinumTicket.java</file>
            <file>file:/C:/Users/Bean/Documents/NetBeansProjects/P06_14873443_21145466/src/p06_14873443_21145466/Show.java</file>
            <file>file:/C:/Users/Bean/Documents/NetBeansProjects/P06_14873443_21145466/src/p06_14873443_21145466/Ticket.java</file>
            <file>file:/C:/Users/Bean/Documents/NetBeansProjects/P06_14873443_21145466/src/p06_14873443_21145466/ShowDetails.java</file>
        </group>
    </open-files>
</project-private>
